url;title;views;published_page;parse_error;check_date
https://www.klerk.ru/buh/articles/644323/;–ß—Ç–æ –±—É–¥–µ—Ç, –µ—Å–ª–∏ –ø–æ–¥–∞—Ç—å —É–≤–µ–¥–æ–º–ª–µ–Ω–∏–µ –æ –ø—Ä–∏–µ–º–µ –∏–Ω–æ—Å—Ç—Ä–∞–Ω—Ü–∞ –ø–æ —Å—Ç–∞—Ä–æ–π —Ñ–æ—Ä–º–µ;2,5¬†—Ç—ã—Å. –ø—Ä–æ—Å–º–æ—Ç—Ä–∞;2025-10-04T15:45:00+00:00;;2025-04-11
https://www.klerk.ru/buh/articles/644289/;–ö–æ–º–ø–∞–Ω–∏—è –ø—Ä–µ–¥–æ—Å—Ç–∞–≤–ª—è–µ—Ç –ø—Ä–æ—Ü–µ–Ω—Ç–Ω—ã–µ –∑–∞–π–º—ã: —á—Ç–æ —Å –ù–î–°;634 –ø—Ä–æ—Å–º–æ—Ç—Ä–∞;2025-10-04T12:10:00+00:00;;2025-04-11
https://www.klerk.ru/buh/articles/644194/;–£—Ç—Ä–µ–Ω–Ω–∏–π –±—É—Ö–≥–∞–ª—Ç–µ—Ä ‚Ññ 5864. –î–æ–ª–≥ –ø–æ –Ω–∞–ª–æ–≥—É –≤–º–µ—Å—Ç–æ –≤—ã—á–µ—Ç–∞: –ø–æ—Å–ª–µ–¥—Å—Ç–≤–∏—è –æ—à–∏–±–∫–∏ –≤ 3-–ù–î–§–õ;2,5¬†—Ç—ã—Å. –ø—Ä–æ—Å–º–æ—Ç—Ä–æ–≤;2025-10-04T07:30:00+00:00;;2025-04-11
https://www.klerk.ru/buh/articles/644348/;–ï—Å–ª–∏ –≤—ã –Ω–µ —Å–æ–≥–ª–∞—Å–Ω—ã —Å–æ —Å–ø—Ä–∞–≤–∫–æ–π –ø–æ –¥–æ—Ö–æ–¥–∞–º, –§–ù–° –Ω–µ –ø–æ–º–æ–∂–µ—Ç, –ø—Ä–∏–¥–µ—Ç—Å—è —Å—É–¥–∏—Ç—å—Å—è —Å —Ä–∞–±–æ—Ç–æ–¥–∞—Ç–µ–ª–µ–º. ü§¶‚Äç‚ôÇÔ∏è¬´–ù–æ—á–Ω–æ–π –±—É—Ö–≥–∞–ª—Ç–µ—Ä¬ª ‚Ññ 1910;3,1¬†—Ç—ã—Å. –ø—Ä–æ—Å–º–æ—Ç—Ä–æ–≤;2025-10-04T17:58:00+00:00;;2025-04-11
https://www.klerk.ru/buh/articles/644346/;–ï–ù–ü-—É–≤–µ–¥–æ–º–ª–µ–Ω–∏—è –Ω–∞ –∞–≤–∞–Ω—Å—ã –ø–æ –£–°–ù –≤ 2025 –≥–æ–¥—É: –ö–ë–ö, —Å—Ä–æ–∫–∏, –ø–µ—Ä–∏–æ–¥—ã, –ø—Ä–∏–º–µ—Ä—ã;2,9¬†—Ç—ã—Å. –ø—Ä–æ—Å–º–æ—Ç—Ä–∞;2025-10-04T17:07:00+00:00;;2025-04-11
https://www.klerk.ru/buh/articles/644321/;–ì–¥–µ –±—Ä–∞—Ç—å –¥–∞–Ω–Ω—ã–µ –¥–ª—è —Å—á–µ—Ç–∞-—Ñ–∞–∫—Ç—É—Ä—ã –Ω–∞ –∞–≤–∞–Ω—Å –ø—Ä–∏ —Ç–æ—Ä–≥–æ–≤–ª–µ –Ω–∞ –º–∞—Ä–∫–µ—Ç–ø–ª–µ–π—Å–∞—Ö;3,8¬†—Ç—ã—Å. –ø—Ä–æ—Å–º–æ—Ç—Ä–∞;2025-10-04T15:47:00+00:00;;2025-04-11
https://www.klerk.ru/buh/articles/644269/;–ö–∞–∫ –æ—Ç–∫—Ä—ã—Ç—å —Å–≤–æ—é –∫–æ—Ñ–µ–π–Ω—é: –ø–æ—à–∞–≥–æ–≤—ã–π –ø–ª–∞–Ω –∏ –Ω—é–∞–Ω—Å—ã;410 –ø—Ä–æ—Å–º–æ—Ç—Ä–æ–≤;2025-10-04T10:39:00+00:00;;2025-04-11
https://www.klerk.ru/buh/articles/644327/;–í—ã–ø–ª–∞—Ç–∏–ª–∏ –∫–æ–º–ø–µ–Ω—Å–∞—Ü–∏—é –ø—Ä–∏ —É–≤–æ–ª—å–Ω–µ–Ω–∏–∏: —á—Ç–æ –±—É–¥–µ—Ç —Å –ù–î–§–õ –∏ —Å—Ç—Ä–∞—Ö–æ–≤—ã–º–∏ –≤–∑–Ω–æ—Å–∞–º–∏;1,9¬†—Ç—ã—Å. –ø—Ä–æ—Å–º–æ—Ç—Ä–∞;2025-10-04T15:43:00+00:00;;2025-04-11
https://www.klerk.ru/buh/articles/644062/;–ö–∞–∫ –∑–∞–≥—Ä—É–∑–∏—Ç—å –≤—ã–ø–∏—Å–∫—É –∏–∑ –±–∞–Ω–∫–∞ –≤ 1–° –ë—É—Ö–≥–∞–ª—Ç–µ—Ä–∏—è: –Ω–∞—Å—Ç—Ä–æ–π–∫–∞ –∞–≤—Ç–æ–º–∞—Ç–∏—á–µ—Å–∫–æ–≥–æ –ø–æ–ª—É—á–µ–Ω–∏—è –≤—ã–ø–∏—Å–∫–∏;2,2¬†—Ç—ã—Å. –ø—Ä–æ—Å–º–æ—Ç—Ä–æ–≤;2025-10-04T11:34:00+00:00;;2025-04-11
https://www.klerk.ru/buh/articles/644264/;–°–ø–æ—Å–æ–±–æ–≤ –Ω–∞–¥–µ–∂–Ω–æ–π –∑–∞—â–∏—Ç—ã –æ—Ç –º–æ—à–µ–Ω–Ω–∏–∫–æ–≤ —Å–∫–æ—Ä–æ —Å—Ç–∞–Ω–µ—Ç –±–æ–ª—å—à–µ: —Ä–∞–∑–±–∏—Ä–∞–µ–º –Ω–æ–≤—ã–π –∑–∞–∫–æ–Ω;2,4¬†—Ç—ã—Å. –ø—Ä–æ—Å–º–æ—Ç—Ä–∞;2025-10-04T10:18:00+00:00;;2025-04-11
